dataset,model,time,LR,batch_size,best_last_RMSE,best_overall_RMSE,score,windowsize,d_model,dropout,kernal_size,kernal_stride,train,total_params,train_average_time,test_average_time,savepath,resume,resumepath,info
35,TwoP_Transformer,20251113-110101,5e-05,32,0.19227083904963507,0.19227083904963507,0.31725310212400415,50,64,0.1,3,1,True,58073,4.942452290478875,0.5583243370056152,./logs/35/TwoP_Transformer/exp4,False,,XJTU baseline n_feature 40 sample 10 s 10
35,TwoP_Transformer,20251113-110651,1e-05,32,0.19533539786909415,0.19533539786909415,0.3072410158286952,50,64,0.1,3,1,True,58073,5.301645812988281,0.6021590232849121,./logs/35/TwoP_Transformer/exp5,False,,XJTU baseline n_feature 40 sample 10 s 10
35,TwoP_Transformer,20251113-111732,1e-06,32,0.1987651110990645,0.1987651110990645,0.3069901454016619,50,64,0.1,3,1,True,58073,5.433079316616058,0.538750410079956,./logs/35/TwoP_Transformer/exp6,False,,XJTU baseline n_feature 40 sample 10 s 10
35,TwoP_Transformer,20251113-112055,5e-05,32,0.19907459502052624,0.19907459502052624,0.3385232713770691,60,64,0.1,3,1,True,63153,5.249837179978688,0.5541219711303711,./logs/35/TwoP_Transformer/exp7,False,,XJTU baseline n_feature 40 sample 10 s 10
35,TwoP_Transformer,20251113-112719,1e-05,32,0.1940289107778927,0.1940289107778927,0.3313036954605714,60,64,0.1,3,1,True,63153,5.422857332229614,0.5753474235534668,./logs/35/TwoP_Transformer/exp8,False,,XJTU baseline n_feature 40 sample 10 s 10
35,TwoP_Transformer,20251113-113736,1e-06,32,0.2068292619459058,0.2068292619459058,0.3102918161301007,60,64,0.1,3,1,True,63153,5.206393167972565,0.5584280490875244,./logs/35/TwoP_Transformer/exp9,False,,XJTU baseline n_feature 40 sample 10 s 10
35,TwoP_Transformer,20251113-114238,5e-05,32,0.2337597146954088,0.2337597146954088,0.33460644303209297,80,64,0.1,3,1,True,75713,5.182986810093834,0.5641913414001465,./logs/35/TwoP_Transformer/exp10,False,,XJTU baseline n_feature 40 sample 10 s 10
35,TwoP_Transformer,20251113-115050,1e-05,32,0.1949586834829227,0.1949586834829227,0.33731158449384796,80,64,0.1,3,1,True,75713,5.297160867013429,0.5393214225769043,./logs/35/TwoP_Transformer/exp11,False,,XJTU baseline n_feature 40 sample 10 s 10
35,TwoP_Transformer,20251113-120122,1e-06,32,0.20984960173627132,0.20984960173627132,0.31195724933422914,80,64,0.1,3,1,True,75713,5.363927342891693,0.6196005344390869,./logs/35/TwoP_Transformer/exp12,False,,XJTU baseline n_feature 40 sample 10 s 10
35,CDSG,20251113-120343,5e-05,32,0.19504368195935676,0.19504368195935676,0.32681548391615095,50,64,0.1,3,1,True,441553,7.334496074252659,0.5367062091827393,./logs/35/CDSG/exp0,False,,XJTU baseline n_feature 40 sample 10 s 10
35,CDSG,20251113-120723,1e-05,32,0.2049889151765235,0.2049889151765235,0.3218023808347185,50,64,0.1,3,1,True,441553,7.191187417507171,0.557269811630249,./logs/35/CDSG/exp1,False,,XJTU baseline n_feature 40 sample 10 s 10
35,CDSG,20251113-121829,1e-06,32,0.18194724263047166,0.18194724263047166,0.3282134981232703,50,64,0.1,3,1,True,441553,6.822039003831795,0.6037781238555908,./logs/35/CDSG/exp2,False,,XJTU baseline n_feature 40 sample 10 s 10
35,CDSG,20251113-122056,5e-05,32,0.21800890251338156,0.21800890251338156,0.31141645893211445,60,64,0.1,3,1,True,441553,7.1958685398101805,0.594412088394165,./logs/35/CDSG/exp3,False,,XJTU baseline n_feature 40 sample 10 s 10
35,CDSG,20251113-122513,1e-05,32,0.2032066404838921,0.2032066404838921,0.3213660771494318,60,64,0.1,3,1,True,441553,7.282127757867177,0.6120591163635254,./logs/35/CDSG/exp4,False,,XJTU baseline n_feature 40 sample 10 s 10
35,CDSG,20251113-122856,1e-06,32,0.1765774815485444,0.1765774815485444,0.2822845244347821,60,64,0.1,3,1,True,441553,7.240080571174621,0.6077461242675781,./logs/35/CDSG/exp5,False,,XJTU baseline n_feature 40 sample 10 s 10
35,CDSG,20251113-123110,5e-05,32,0.1886146755102177,0.1886146755102177,0.33106924294562046,80,64,0.1,3,1,True,441553,8.257148402077812,0.6939396858215332,./logs/35/CDSG/exp6,False,,XJTU baseline n_feature 40 sample 10 s 10
35,CDSG,20251113-123708,1e-05,32,0.21341028861175104,0.21341028861175104,0.31907799523335184,80,64,0.1,3,1,True,441553,8.349392760883678,0.7045493125915527,./logs/35/CDSG/exp7,False,,XJTU baseline n_feature 40 sample 10 s 10
35,CDSG,20251113-125051,1e-06,32,0.18265207331965283,0.18265207331965283,0.3261163708875283,80,64,0.1,3,1,True,441553,8.834370825348831,0.77848219871521,./logs/35/CDSG/exp8,False,,XJTU baseline n_feature 40 sample 10 s 10
37,TwoP_Transformer,20251113-130835,5e-05,32,0.19398809453386678,0.19398809453386678,0.4065414148431378,50,64,0.1,3,1,True,58073,13.718356819713817,1.4473369121551514,./logs/37/TwoP_Transformer/exp0,False,,XJTU baseline n_feature 40 sample 10 s 10
37,TwoP_Transformer,20251113-132306,1e-05,32,0.20826031154455174,0.20826031154455174,0.36975055602765866,50,64,0.1,3,1,True,58073,12.811205324136987,1.5481560230255127,./logs/37/TwoP_Transformer/exp1,False,,XJTU baseline n_feature 40 sample 10 s 10
37,TwoP_Transformer,20251113-134724,1e-06,32,0.24097500399268532,0.24097500399268532,0.3315650401156006,50,64,0.1,3,1,True,58073,12.368476202487946,1.4002139568328857,./logs/37/TwoP_Transformer/exp2,False,,XJTU baseline n_feature 40 sample 10 s 10
37,TwoP_Transformer,20251113-135307,5e-05,32,0.3093920186601889,0.3093920186601889,0.2362542208009269,60,64,0.1,3,1,True,63153,12.500903643094576,1.5499858856201172,./logs/37/TwoP_Transformer/exp3,False,,XJTU baseline n_feature 40 sample 10 s 10
37,TwoP_Transformer,20251113-141057,1e-05,32,0.30209222137569003,0.30209222137569003,0.25170024835906296,60,64,0.1,3,1,True,63153,13.12972179326144,1.4527761936187744,./logs/37/TwoP_Transformer/exp4,False,,XJTU baseline n_feature 40 sample 10 s 10
37,TwoP_Transformer,20251113-143701,1e-06,32,0.22056612260268635,0.22056612260268635,0.3538590919644313,60,64,0.1,3,1,True,63153,13.414712188243866,1.561417579650879,./logs/37/TwoP_Transformer/exp5,False,,XJTU baseline n_feature 40 sample 10 s 10
37,TwoP_Transformer,20251113-144232,5e-05,32,0.3043267109976216,0.3043267109976216,0.2406525193591602,80,64,0.1,3,1,True,75713,13.331259926160177,1.4644081592559814,./logs/37/TwoP_Transformer/exp6,False,,XJTU baseline n_feature 40 sample 10 s 10
37,TwoP_Transformer,20251113-150201,1e-05,32,0.3089831210792446,0.3089831210792446,0.24886641024237033,80,64,0.1,3,1,True,75713,12.901891324971173,1.4358115196228027,./logs/37/TwoP_Transformer/exp7,False,,XJTU baseline n_feature 40 sample 10 s 10
37,TwoP_Transformer,20251113-152550,1e-06,32,0.21676030918496555,0.21676030918496555,0.35187785273548916,80,64,0.1,3,1,True,75713,12.14610520362854,1.4268670082092285,./logs/37/TwoP_Transformer/exp8,False,,XJTU baseline n_feature 40 sample 10 s 10
37,CDSG,20251113-153634,5e-05,32,0.3053512559562691,0.3053512559562691,0.222760736725785,50,64,0.1,3,1,True,441553,16.843342542648315,1.5757694244384766,./logs/37/CDSG/exp0,False,,XJTU baseline n_feature 40 sample 10 s 10
FD001,DA_LSTM,20251113-154844,0.0001,32,12.549407629021465,12.549407629021465,302.7072139099862,40,64,0.1,3,1,True,3550,66.76358156571021,0.061582088470458984,./logs/FD001/DA_LSTM/exp0,False,,DA_LSTM baseline 
37,CDSG,20251113-155109,1e-05,32,0.2978019743039442,0.2978019743039442,0.24205814589183497,50,64,0.1,3,1,True,441553,17.42453444004059,1.468996286392212,./logs/37/CDSG/exp1,False,,XJTU baseline n_feature 40 sample 10 s 10
37,CDSG,20251113-160628,1e-06,32,0.21160727852052608,0.21160727852052608,0.31198869940097546,50,64,0.1,3,1,True,441553,17.190447918204374,1.5110747814178467,./logs/37/CDSG/exp2,False,,XJTU baseline n_feature 40 sample 10 s 10
37,CDSG,20251113-161547,5e-05,32,0.3194576599097029,0.3194576599097029,0.22725509943509417,60,64,0.1,3,1,True,441553,18.492329120635986,1.4908959865570068,./logs/37/CDSG/exp3,False,,XJTU baseline n_feature 40 sample 10 s 10
37,CDSG,20251113-163638,1e-05,32,0.3098340809585294,0.3098340809585294,0.22552934037949368,60,64,0.1,3,1,True,441553,17.902680102041213,1.5393092632293701,./logs/37/CDSG/exp4,False,,XJTU baseline n_feature 40 sample 10 s 10
37,CDSG,20251113-165500,1e-06,32,0.21591842286857135,0.21591842286857135,0.30506059043110934,60,64,0.1,3,1,True,441553,18.297121500968935,1.494518518447876,./logs/37/CDSG/exp5,False,,XJTU baseline n_feature 40 sample 10 s 10
37,CDSG,20251113-170239,5e-05,32,0.30770445013087333,0.30770445013087333,0.22308514538471044,80,64,0.1,3,1,True,441553,20.881511007036483,1.7264673709869385,./logs/37/CDSG/exp6,False,,XJTU baseline n_feature 40 sample 10 s 10
37,CDSG,20251113-172248,1e-05,32,0.31291791030255045,0.31291791030255045,0.21734341163152737,80,64,0.1,3,1,True,441553,21.08642177780469,1.8217639923095703,./logs/37/CDSG/exp7,False,,XJTU baseline n_feature 40 sample 10 s 10
37,CDSG,20251113-173818,1e-06,32,0.20944188935124558,0.20944188935124558,0.3102911652219688,80,64,0.1,3,1,True,441553,21.537362800325667,1.8597419261932373,./logs/37/CDSG/exp8,False,,XJTU baseline n_feature 40 sample 10 s 10
FD001,DA_LSTM,20251113-181445,5e-05,32,12.589598103739888,12.589598103739888,303.4547259811339,40,64,0.1,3,1,True,3550,65.37788960587888,0.051012277603149414,./logs/FD001/DA_LSTM/exp1,False,,DA_LSTM baseline 
40,TwoP_Transformer,20251113-184038,5e-05,32,0.3434954561682229,0.3434954561682229,0.20697829919505392,50,64,0.1,3,1,True,58073,69.33789312271844,1.519578218460083,./logs/40/TwoP_Transformer/exp0,False,,XJTU baseline n_feature 40 sample 10 s 10
FD001,DA_LSTM,20251113-195414,1e-05,32,19.94520799259879,19.94520799259879,3270.720207770418,40,64,0.1,3,1,True,3550,38.353217356999714,0.04115605354309082,./logs/FD001/DA_LSTM/exp2,False,,DA_LSTM baseline 
FD001,DA_LSTM,20251113-202713,1e-06,32,42.36783725400445,42.36783725400445,4857.7123798486855,40,64,0.1,3,1,True,3550,11.983085568745931,0.039943695068359375,./logs/FD001/DA_LSTM/exp3,False,,DA_LSTM baseline 
FD001,DA_LSTM,20251113-203800,0.0001,32,13.833271287898958,13.833271287898958,337.41522012763636,50,64,0.1,3,1,True,3550,11.62517058119482,0.03544974327087402,./logs/FD001/DA_LSTM/exp4,False,,DA_LSTM baseline 
40,TwoP_Transformer,20251113-204116,1e-05,32,0.3271927059495003,0.3271927059495003,0.22444463640161305,50,64,0.1,3,1,True,58073,69.79012698332468,1.5868453979492188,./logs/40/TwoP_Transformer/exp1,False,,XJTU baseline n_feature 40 sample 10 s 10
FD001,DA_LSTM,20251113-210504,5e-05,32,13.5111397004327,13.5111397004327,324.58670529672696,50,64,0.1,3,1,True,3550,12.087899161166833,0.04365134239196777,./logs/FD001/DA_LSTM/exp5,False,,DA_LSTM baseline 
FD001,DA_LSTM,20251113-213751,1e-05,32,18.756667277872793,18.756667277872793,1819.6880966847837,50,64,0.1,3,1,True,3550,11.89442463239034,0.05813121795654297,./logs/FD001/DA_LSTM/exp6,False,,DA_LSTM baseline 
FD001,DA_LSTM,20251113-221014,1e-06,32,45.146435402903734,45.146435402903734,6180.50612815657,50,64,0.1,3,1,True,3550,11.722683674494425,0.05615234375,./logs/FD001/DA_LSTM/exp7,False,,DA_LSTM baseline 
FD001,DA_LSTM,20251113-222501,0.0001,32,12.68905900097951,12.68905900097951,310.9711274834832,60,64,0.1,3,1,True,3550,11.418406479600547,0.0519566535949707,./logs/FD001/DA_LSTM/exp8,False,,DA_LSTM baseline 
FD001,DA_LSTM,20251113-224626,5e-05,32,12.76585847816554,12.76585847816554,311.893766694462,60,64,0.1,3,1,True,3550,11.999314760424427,0.03868222236633301,./logs/FD001/DA_LSTM/exp9,False,,DA_LSTM baseline 
40,TwoP_Transformer,20251113-225057,1e-06,32,0.2979875087498672,0.2979875087498672,0.2537478972628952,50,64,0.1,3,1,True,58073,67.8406463599205,1.6015915870666504,./logs/40/TwoP_Transformer/exp2,False,,XJTU baseline n_feature 40 sample 10 s 10
FD001,DA_LSTM,20251113-231839,1e-05,32,16.904242382274578,16.904242382274578,782.2201116306697,60,64,0.1,3,1,True,3550,11.730918099085489,0.035988807678222656,./logs/FD001/DA_LSTM/exp10,False,,DA_LSTM baseline 
40,TwoP_Transformer,20251113-233758,5e-05,32,0.3089879273621409,0.3089879273621409,0.2543677481531421,60,64,0.1,3,1,True,63153,73.11715137958527,1.7247052192687988,./logs/40/TwoP_Transformer/exp3,False,,XJTU baseline n_feature 40 sample 10 s 10
FD001,DA_LSTM,20251113-235103,1e-06,32,48.47967013996839,48.47967013996839,8994.468705655407,60,64,0.1,3,1,True,3550,11.788604124387104,0.04316115379333496,./logs/FD001/DA_LSTM/exp11,False,,DA_LSTM baseline 
FD002,DA_LSTM,20251114-001644,0.0001,32,12.911155294921796,12.911155294921796,794.8642093778695,40,64,0.1,3,1,True,3550,31.09464945034547,0.08355903625488281,./logs/FD002/DA_LSTM/exp0,False,,DA_LSTM baseline 
FD002,DA_LSTM,20251114-004746,5e-05,32,12.949748304877032,12.949748304877032,784.2914867270372,40,64,0.1,3,1,True,3550,31.41739087284736,0.08285856246948242,./logs/FD002/DA_LSTM/exp1,False,,DA_LSTM baseline 
40,TwoP_Transformer,20251114-013228,1e-05,32,0.2598002408868067,0.2598002408868067,0.3081186278602613,60,64,0.1,3,1,True,63153,73.33056651515726,1.6042890548706055,./logs/40/TwoP_Transformer/exp4,False,,XJTU baseline n_feature 40 sample 10 s 10
FD002,DA_LSTM,20251114-021543,1e-05,32,13.83812711752956,13.83812711752956,949.9549144346508,40,64,0.1,3,1,True,3550,32.066633121172586,0.0822286605834961,./logs/FD002/DA_LSTM/exp2,False,,DA_LSTM baseline 
FD002,DA_LSTM,20251114-034723,1e-06,32,21.96975277929608,21.96975277929608,4057.8868658886804,40,64,0.1,3,1,True,3550,33.508765247662865,0.11100363731384277,./logs/FD002/DA_LSTM/exp3,False,,DA_LSTM baseline 
40,TwoP_Transformer,20251114-034756,1e-06,32,0.30938056960392674,0.30938056960392674,0.2738658253406271,60,64,0.1,3,1,True,63153,71.3636278271675,1.8055419921875,./logs/40/TwoP_Transformer/exp5,False,,XJTU baseline n_feature 40 sample 10 s 10
FD002,DA_LSTM,20251114-042138,0.0001,32,12.061605695497693,12.061605695497693,634.9355779447408,50,64,0.1,3,1,True,3550,30.61696503162384,0.09267067909240723,./logs/FD002/DA_LSTM/exp4,False,,DA_LSTM baseline 
40,TwoP_Transformer,20251114-043010,5e-05,32,0.37256103568082277,0.37256103568082277,0.18493433958420766,80,64,0.1,3,1,True,75713,70.22588279724121,1.6494297981262207,./logs/40/TwoP_Transformer/exp6,False,,XJTU baseline n_feature 40 sample 10 s 10
FD002,DA_LSTM,20251114-050109,5e-05,32,11.895898883726582,11.895898883726582,603.4571106497215,50,64,0.1,3,1,True,3550,29.991136413224986,0.07780623435974121,./logs/FD002/DA_LSTM/exp5,False,,DA_LSTM baseline 
40,TwoP_Transformer,20251114-060039,1e-05,32,0.36407822587604993,0.36407822587604993,0.17615490027347774,80,64,0.1,3,1,True,75713,69.71712851891151,1.6001923084259033,./logs/40/TwoP_Transformer/exp7,False,,XJTU baseline n_feature 40 sample 10 s 10
FD002,DA_LSTM,20251114-062742,1e-05,32,12.270768830605833,12.270768830605833,640.2427808106274,50,64,0.1,3,1,True,3550,31.552436854044597,0.08375859260559082,./logs/FD002/DA_LSTM/exp6,False,,DA_LSTM baseline 
FD002,DA_LSTM,20251114-075431,1e-06,32,22.22561126198158,22.22561126198158,3679.1670584294448,50,64,0.1,3,1,True,3550,31.660181854565938,0.08141016960144043,./logs/FD002/DA_LSTM/exp7,False,,DA_LSTM baseline 
40,TwoP_Transformer,20251114-082239,1e-06,32,0.28955049586370396,0.28955049586370396,0.28607568490205926,80,64,0.1,3,1,True,75713,75.18406649112701,1.7368385791778564,./logs/40/TwoP_Transformer/exp8,False,,XJTU baseline n_feature 40 sample 10 s 10
FD002,DA_LSTM,20251114-084614,0.0001,32,11.542287175645601,11.542287175645601,582.392610779064,60,64,0.1,3,1,True,3550,30.861378135261955,0.09790921211242676,./logs/FD002/DA_LSTM/exp8,False,,DA_LSTM baseline 
40,CDSG,20251114-092710,5e-05,32,0.55371244314755,0.55371244314755,0.12063758728253075,50,64,0.1,3,1,True,441553,99.160487351879,1.623826265335083,./logs/40/CDSG/exp0,False,,XJTU baseline n_feature 40 sample 10 s 10
FD002,DA_LSTM,20251114-095250,5e-05,32,11.43489899315629,11.43489899315629,548.852097687392,60,64,0.1,3,1,True,3550,29.330582418749408,0.08901739120483398,./logs/FD002/DA_LSTM/exp9,False,,DA_LSTM baseline 
40,CDSG,20251114-100149,1e-05,32,0.27679940742266784,0.27679940742266784,0.2731834703474149,50,64,0.1,3,1,True,441553,100.12659743853978,1.7885611057281494,./logs/40/CDSG/exp1,False,,XJTU baseline n_feature 40 sample 10 s 10
FD002,DA_LSTM,20251114-111551,1e-05,32,11.647443284261888,11.647443284261888,570.2043858470167,60,64,0.1,3,1,True,3550,30.361497225761415,0.08497357368469238,./logs/FD002/DA_LSTM/exp10,False,,DA_LSTM baseline 
40,CDSG,20251114-122848,1e-06,32,0.2619538476779128,0.2619538476779128,0.299467383016429,50,64,0.1,3,1,True,441553,101.12944942865616,1.653106927871704,./logs/40/CDSG/exp2,False,,XJTU baseline n_feature 40 sample 10 s 10
FD002,DA_LSTM,20251114-124030,1e-06,32,22.403538570047203,22.403538570047203,3074.8313436675508,60,64,0.1,3,1,True,3550,30.887351945241292,0.08663415908813477,./logs/FD002/DA_LSTM/exp11,False,,DA_LSTM baseline 
40,CDSG,20251114-125741,5e-05,32,0.379187502271352,0.379187502271352,0.20206821343280781,60,64,0.1,3,1,True,441553,99.83093290328979,1.710972547531128,./logs/40/CDSG/exp3,False,,XJTU baseline n_feature 40 sample 10 s 10
FD003,DA_LSTM,20251114-130426,0.0001,32,13.75491501107361,13.75491501107361,882.5431930497447,40,64,0.1,3,1,True,3550,15.456805359749566,0.032262563705444336,./logs/FD003/DA_LSTM/exp0,False,,DA_LSTM baseline 
FD003,DA_LSTM,20251114-134033,5e-05,32,13.828661094013729,13.828661094013729,862.6782635214414,40,64,0.1,3,1,True,3550,15.7167236085922,0.03376054763793945,./logs/FD003/DA_LSTM/exp1,False,,DA_LSTM baseline 
40,CDSG,20251114-140611,1e-05,32,0.42526456252514494,0.42526456252514494,0.1687713813770984,60,64,0.1,3,1,True,441553,105.10467267036438,1.704401969909668,./logs/40/CDSG/exp4,False,,XJTU baseline n_feature 40 sample 10 s 10
FD003,DA_LSTM,20251114-142243,1e-05,32,19.320017146713653,19.320017146713653,2413.992896260221,40,64,0.1,3,1,True,3550,15.422687203089396,0.036414146423339844,./logs/FD003/DA_LSTM/exp2,False,,DA_LSTM baseline 
FD003,DA_LSTM,20251114-150544,1e-06,32,39.216613327077205,39.216613327077205,19010.38860840538,40,64,0.1,3,1,True,3550,15.733631037076314,0.03355002403259277,./logs/FD003/DA_LSTM/exp3,False,,DA_LSTM baseline 
FD003,DA_LSTM,20251114-152100,0.0001,32,13.839714108422701,13.839714108422701,839.0680187490636,50,64,0.1,3,1,True,3550,15.486160728166688,0.03506183624267578,./logs/FD003/DA_LSTM/exp4,False,,DA_LSTM baseline 
40,CDSG,20251114-153910,1e-06,32,0.2679887256943272,0.2679887256943272,0.2955043637772249,60,64,0.1,3,1,True,441553,102.74440051139669,1.6276631355285645,./logs/40/CDSG/exp5,False,,XJTU baseline n_feature 40 sample 10 s 10
FD003,DA_LSTM,20251114-154644,5e-05,32,14.262590932201459,14.262590932201459,877.09715139008,50,64,0.1,3,1,True,3550,14.905565081758702,0.03373456001281738,./logs/FD003/DA_LSTM/exp5,False,,DA_LSTM baseline 
40,CDSG,20251114-162615,5e-05,32,0.5570253172252159,0.5570253172252159,0.11276928849403063,80,64,0.1,3,1,True,441553,117.39114365312788,1.8580706119537354,./logs/40/CDSG/exp6,False,,XJTU baseline n_feature 40 sample 10 s 10
FD003,DA_LSTM,20251114-162651,1e-05,32,17.64389428434807,17.64389428434807,1805.5076390767344,50,64,0.1,3,1,True,3550,14.633610620498658,0.03541970252990723,./logs/FD003/DA_LSTM/exp6,False,,DA_LSTM baseline 
FD003,DA_LSTM,20251114-170744,1e-06,32,38.32726662622876,38.32726662622876,10771.735453461743,50,64,0.1,3,1,True,3550,14.947416555086772,0.057795047760009766,./logs/FD003/DA_LSTM/exp7,False,,DA_LSTM baseline 
FD003,DA_LSTM,20251114-172004,0.0001,32,13.352852960047919,13.352852960047919,783.215519123403,60,64,0.1,3,1,True,3550,14.612559180789523,0.037001609802246094,./logs/FD003/DA_LSTM/exp8,False,,DA_LSTM baseline 
FD003,DA_LSTM,20251114-180022,5e-05,32,13.166156837383474,13.166156837383474,804.7682063432638,60,64,0.1,3,1,True,3550,14.754075555801391,0.03486919403076172,./logs/FD003/DA_LSTM/exp9,False,,DA_LSTM baseline 
FD003,DA_LSTM,20251114-184008,1e-05,32,16.563257863264585,16.563257863264585,1452.4226760842544,60,64,0.1,3,1,True,3550,14.526776480674744,0.033721923828125,./logs/FD003/DA_LSTM/exp10,False,,DA_LSTM baseline 
FD003,DA_LSTM,20251114-191958,1e-06,32,38.4703331581719,38.4703331581719,6760.328226378432,60,64,0.1,3,1,True,3550,14.555345374743144,0.033918142318725586,./logs/FD003/DA_LSTM/exp11,False,,DA_LSTM baseline 
FD004,DA_LSTM,20251114-202014,0.0001,32,13.623630133179027,13.623630133179027,992.8608934697079,40,64,0.1,3,1,True,3550,38.391475350357766,0.06458449363708496,./logs/FD004/DA_LSTM/exp0,False,,DA_LSTM baseline 
FD004,DA_LSTM,20251114-215332,5e-05,32,13.944317604630434,13.944317604630434,1061.5052454281752,40,64,0.1,3,1,True,3550,37.47278353419617,0.0646204948425293,./logs/FD004/DA_LSTM/exp1,False,,DA_LSTM baseline 
FD004,DA_LSTM,20251114-233615,1e-05,32,17.306849639109668,17.306849639109668,3397.428430245643,40,64,0.1,3,1,True,3550,37.72952442804972,0.11918187141418457,./logs/FD004/DA_LSTM/exp2,False,,DA_LSTM baseline 
FD004,DA_LSTM,20251115-011511,1e-06,32,23.462754277019663,23.462754277019663,7452.720310170499,40,64,0.1,3,1,True,3550,36.26134107907613,0.06238293647766113,./logs/FD004/DA_LSTM/exp3,False,,DA_LSTM baseline 
FD004,DA_LSTM,20251115-015846,0.0001,32,13.210617802354497,13.210617802354497,981.2364613406207,50,64,0.1,3,1,True,3550,33.02319745222727,0.0619659423828125,./logs/FD004/DA_LSTM/exp4,False,,DA_LSTM baseline 
FD004,DA_LSTM,20251115-033018,5e-05,32,13.413581287883398,13.413581287883398,991.7434168157895,50,64,0.1,3,1,True,3550,33.67626707235972,0.06330537796020508,./logs/FD004/DA_LSTM/exp5,False,,DA_LSTM baseline 
FD004,DA_LSTM,20251115-050210,1e-05,32,15.273106893945195,15.273106893945195,1300.8314978530157,50,64,0.1,3,1,True,3550,33.815456385612485,0.06479048728942871,./logs/FD004/DA_LSTM/exp6,False,,DA_LSTM baseline 
FD004,DA_LSTM,20251115-063431,1e-06,32,23.15459491033279,23.15459491033279,6319.713188510766,50,64,0.1,3,1,True,3550,34.04546444733938,0.06391501426696777,./logs/FD004/DA_LSTM/exp7,False,,DA_LSTM baseline 
FD004,DA_LSTM,20251115-071024,0.0001,32,13.049910672310569,13.049910672310569,932.3756822622048,60,64,0.1,3,1,True,3550,33.13002042447106,0.06674647331237793,./logs/FD004/DA_LSTM/exp8,False,,DA_LSTM baseline 
FD004,DA_LSTM,20251115-082737,5e-05,32,13.025968591540872,13.025968591540872,979.5046118371052,60,64,0.1,3,1,True,3550,32.72624188019679,0.06930780410766602,./logs/FD004/DA_LSTM/exp9,False,,DA_LSTM baseline 
FD004,DA_LSTM,20251115-095731,1e-05,32,14.288609982166587,14.288609982166587,1052.4904198288414,60,64,0.1,3,1,True,3550,33.09654630978902,0.07200026512145996,./logs/FD004/DA_LSTM/exp10,False,,DA_LSTM baseline 
FD004,DA_LSTM,20251115-112614,1e-06,32,23.063444568039305,23.063444568039305,5768.077389407696,60,64,0.1,3,1,True,3550,32.62784917195638,0.06426858901977539,./logs/FD004/DA_LSTM/exp11,False,,DA_LSTM baseline 
DS01,DA_LSTM,20251115-113345,0.0001,32,8.39401483667965,8.39401483667965,1.2208713748169813,40,64,0.1,3,1,True,4846,8.366858774301956,2.067018747329712,./logs/DS01/DA_LSTM/exp1,False,,DA_LSTM baseline
DS01,DA_LSTM,20251115-114459,5e-05,32,8.315868631986257,8.315868631986257,1.1878409028185728,40,64,0.1,3,1,True,4846,8.433724835112288,2.0572915077209473,./logs/DS01/DA_LSTM/exp2,False,,DA_LSTM baseline
DS01,DA_LSTM,20251115-114904,1e-05,32,24.33853642727581,24.33853642727581,11.471015028405184,40,64,0.1,3,1,True,4846,8.203678928888761,2.002638578414917,./logs/DS01/DA_LSTM/exp3,False,,DA_LSTM baseline
DS01,DA_LSTM,20251115-121120,1e-06,32,38.30677088509754,38.30677088509754,36.317132184415726,40,64,0.1,3,1,True,4846,8.37834494749705,1.9480412006378174,./logs/DS01/DA_LSTM/exp4,False,,DA_LSTM baseline
DS01,DA_LSTM,20251115-121938,0.0001,32,7.798605739525932,7.798605739525932,1.0718699364875146,50,64,0.1,3,1,True,4846,8.567278587593222,1.9926798343658447,./logs/DS01/DA_LSTM/exp5,False,,DA_LSTM baseline
DS01,DA_LSTM,20251115-123151,5e-05,32,7.6828406327156085,7.6828406327156085,0.9465976129019094,50,64,0.1,3,1,True,4846,8.571409856216818,2.1500704288482666,./logs/DS01/DA_LSTM/exp6,False,,DA_LSTM baseline
DS01,DA_LSTM,20251115-123603,1e-05,32,24.32937121834813,24.32937121834813,11.447975334141011,50,64,0.1,3,1,True,4846,8.414646304570711,2.0782992839813232,./logs/DS01/DA_LSTM/exp7,False,,DA_LSTM baseline
DS01,DA_LSTM,20251115-125851,1e-06,32,38.25928176764592,38.25928176764592,36.146415945955646,50,64,0.1,3,1,True,4846,8.592477564811707,2.126866340637207,./logs/DS01/DA_LSTM/exp8,False,,DA_LSTM baseline
DS01,DA_LSTM,20251115-130631,0.0001,32,7.8880334180786456,7.8880334180786456,1.0958154782659144,60,64,0.1,3,1,True,4846,9.059889974801436,2.061998128890991,./logs/DS01/DA_LSTM/exp9,False,,DA_LSTM baseline
DS01,DA_LSTM,20251115-131805,5e-05,32,8.289089966539258,8.289089966539258,1.2196756058153015,60,64,0.1,3,1,True,4846,8.77195059763242,2.0083706378936768,./logs/DS01/DA_LSTM/exp10,False,,DA_LSTM baseline
DS01,DA_LSTM,20251115-132219,1e-05,32,24.330936599012873,24.330936599012873,10.897125080058416,60,64,0.1,3,1,True,4846,8.740568218231202,2.0703861713409424,./logs/DS01/DA_LSTM/exp11,False,,DA_LSTM baseline
DS01,DA_LSTM,20251115-134520,1e-06,32,38.2134327621181,38.2134327621181,35.98112545969552,60,64,0.1,3,1,True,4846,8.651257546742757,2.0180392265319824,./logs/DS01/DA_LSTM/exp12,False,,DA_LSTM baseline
DS03,DA_LSTM,20251115-135124,0.0001,32,8.258836290399532,8.258836290399532,0.9159193978284125,40,64,0.1,3,1,True,4846,9.18251417704991,2.801816701889038,./logs/DS03/DA_LSTM/exp0,False,,DA_LSTM baseline
DS03,DA_LSTM,20251115-140323,5e-05,32,8.20641106452029,8.20641106452029,0.9291840618302841,40,64,0.1,3,1,True,4846,9.59038764151974,3.2244627475738525,./logs/DS03/DA_LSTM/exp1,False,,DA_LSTM baseline
DS03,DA_LSTM,20251115-142838,1e-05,32,16.730392795290147,16.730392795290147,3.889827789298883,40,64,0.1,3,1,True,4846,9.499765915870666,3.006594657897949,./logs/DS03/DA_LSTM/exp2,False,,DA_LSTM baseline
DS03,DA_LSTM,20251115-145334,1e-06,32,28.13940654346244,28.13940654346244,12.463838654076485,40,64,0.1,3,1,True,4846,9.368860448201497,3.0505101680755615,./logs/DS03/DA_LSTM/exp3,False,,DA_LSTM baseline
DS03,DA_LSTM,20251115-145837,0.0001,32,8.678162863648808,8.678162863648808,0.9892721781958742,50,64,0.1,3,1,True,4846,9.72045941706057,2.9357664585113525,./logs/DS03/DA_LSTM/exp4,False,,DA_LSTM baseline
DS03,DA_LSTM,20251115-151229,5e-05,32,7.856259020071293,7.856259020071293,0.8608685510386277,50,64,0.1,3,1,True,4846,9.721324920654297,3.2750444412231445,./logs/DS03/DA_LSTM/exp5,False,,DA_LSTM baseline
DS03,DA_LSTM,20251115-153852,1e-05,32,16.499864618171994,16.499864618171994,3.804214182708062,50,64,0.1,3,1,True,4846,9.926221078236898,3.0512166023254395,./logs/DS03/DA_LSTM/exp6,False,,DA_LSTM baseline
DS03,DA_LSTM,20251115-160438,1e-06,32,28.12016669530655,28.12016669530655,12.43787670468236,50,64,0.1,3,1,True,4846,9.678344650268555,3.103971481323242,./logs/DS03/DA_LSTM/exp7,False,,DA_LSTM baseline
DS03,DA_LSTM,20251115-161127,0.0001,32,8.136220679506977,8.136220679506977,0.8946947566491424,60,64,0.1,3,1,True,4846,10.038278539975485,3.3088979721069336,./logs/DS03/DA_LSTM/exp8,False,,DA_LSTM baseline
DS03,DA_LSTM,20251115-162119,5e-05,32,8.585926330067233,8.585926330067233,0.9745925026859268,60,64,0.1,3,1,True,4846,9.94005916736744,3.3353257179260254,./logs/DS03/DA_LSTM/exp9,False,,DA_LSTM baseline
DS03,DA_LSTM,20251115-164720,1e-05,32,16.597098193069282,16.597098193069282,3.8092386213013842,60,64,0.1,3,1,True,4846,9.766445174217225,3.130443572998047,./logs/DS03/DA_LSTM/exp10,False,,DA_LSTM baseline
DS03,DA_LSTM,20251115-171346,1e-06,32,28.076431218712003,28.076431218712003,12.376894277728542,60,64,0.1,3,1,True,4846,9.921635799407959,3.256263017654419,./logs/DS03/DA_LSTM/exp11,False,,DA_LSTM baseline
DS05,DA_LSTM,20251115-171925,0.0001,32,8.075649386429642,8.075649386429642,0.9679419974715657,40,64,0.1,3,1,True,4846,7.623196053504944,1.9567458629608154,./logs/DS05/DA_LSTM/exp0,False,,DA_LSTM baseline
DS05,DA_LSTM,20251115-173253,5e-05,32,8.005320154830333,8.005320154830333,1.014933161780792,40,64,0.1,3,1,True,4846,7.309284256499948,1.8880283832550049,./logs/DS05/DA_LSTM/exp1,False,,DA_LSTM baseline
DS05,DA_LSTM,20251115-175226,1e-05,32,12.021994333350682,12.021994333350682,1.9704580484858663,40,64,0.1,3,1,True,4846,7.347302168210348,1.8823230266571045,./logs/DS05/DA_LSTM/exp2,False,,DA_LSTM baseline
DS05,DA_LSTM,20251115-181212,1e-06,32,38.263080549373065,38.263080549373065,38.81777318058558,40,64,0.1,3,1,True,4846,7.423737117449442,2.2481563091278076,./logs/DS05/DA_LSTM/exp3,False,,DA_LSTM baseline
DS05,DA_LSTM,20251115-181721,0.0001,32,8.346462063581603,8.346462063581603,1.0628926016453388,50,64,0.1,3,1,True,4846,7.526543001333873,1.974217414855957,./logs/DS05/DA_LSTM/exp4,False,,DA_LSTM baseline
DS05,DA_LSTM,20251115-182758,5e-05,32,8.112961000428642,8.112961000428642,1.0248797917933847,50,64,0.1,3,1,True,4846,7.639587458077964,1.8894445896148682,./logs/DS05/DA_LSTM/exp5,False,,DA_LSTM baseline
DS05,DA_LSTM,20251115-184817,1e-05,32,11.841253217678126,11.841253217678126,1.8902893033857346,50,64,0.1,3,1,True,4846,7.639068284034729,1.8230032920837402,./logs/DS05/DA_LSTM/exp6,False,,DA_LSTM baseline
DS05,DA_LSTM,20251115-190841,1e-06,32,38.30232516666625,38.30232516666625,38.94123855158157,50,64,0.1,3,1,True,4846,7.653748814264933,1.9421112537384033,./logs/DS05/DA_LSTM/exp7,False,,DA_LSTM baseline
DS05,DA_LSTM,20251115-191635,0.0001,32,7.498562456925195,7.498562456925195,0.8917453466218209,60,64,0.1,3,1,True,4846,7.689615820135389,2.089139461517334,./logs/DS05/DA_LSTM/exp8,False,,DA_LSTM baseline
DS05,DA_LSTM,20251115-192540,5e-05,32,8.529300843510988,8.529300843510988,1.159002931996249,60,64,0.1,3,1,True,4846,7.792412001639605,1.938239336013794,./logs/DS05/DA_LSTM/exp9,False,,DA_LSTM baseline
DS05,DA_LSTM,20251115-194624,1e-05,32,11.937794834457367,11.937794834457367,1.9939881164733284,60,64,0.1,3,1,True,4846,7.773775305747986,2.270066261291504,./logs/DS05/DA_LSTM/exp10,False,,DA_LSTM baseline
DS05,DA_LSTM,20251115-200654,1e-06,32,38.24511973142883,38.24511973142883,38.70766042611317,60,64,0.1,3,1,True,4846,7.698666664759318,1.9142396450042725,./logs/DS05/DA_LSTM/exp11,False,,DA_LSTM baseline
DS07,DA_LSTM,20251115-201358,0.0001,32,13.167197603566123,13.167197603566123,1.8431682461291714,40,64,0.1,3,1,True,4846,7.411431541809669,1.7154393196105957,./logs/DS07/DA_LSTM/exp0,False,,DA_LSTM baseline
DS07,DA_LSTM,20251115-202544,5e-05,32,12.78615287385959,12.78615287385959,1.8023801134067219,40,64,0.1,3,1,True,4846,7.2719473706351385,1.9848895072937012,./logs/DS07/DA_LSTM/exp1,False,,DA_LSTM baseline
DS07,DA_LSTM,20251115-204523,1e-05,32,24.191035291399075,24.191035291399075,8.545890368263308,40,64,0.1,3,1,True,4846,7.384952311515808,2.024055242538452,./logs/DS07/DA_LSTM/exp2,False,,DA_LSTM baseline
DS07,DA_LSTM,20251115-210453,1e-06,32,42.84461865082472,42.84461865082472,52.631543420212424,40,64,0.1,3,1,True,4846,7.324933214187622,2.0488510131835938,./logs/DS07/DA_LSTM/exp3,False,,DA_LSTM baseline
DS07,DA_LSTM,20251115-211115,0.0001,32,13.33688169734333,13.33688169734333,1.9115399996320765,50,64,0.1,3,1,True,4846,7.631654813554552,1.8405802249908447,./logs/DS07/DA_LSTM/exp4,False,,DA_LSTM baseline
DS07,DA_LSTM,20251115-212404,5e-05,32,13.236540979693734,13.236540979693734,1.883634214558701,50,64,0.1,3,1,True,4846,7.411556012928486,2.0621745586395264,./logs/DS07/DA_LSTM/exp5,False,,DA_LSTM baseline
DS07,DA_LSTM,20251115-214419,1e-05,32,24.175249025114844,24.175249025114844,8.539159470433724,50,64,0.1,3,1,True,4846,7.5960857168833416,2.231844902038574,./logs/DS07/DA_LSTM/exp6,False,,DA_LSTM baseline
DS07,DA_LSTM,20251115-220438,1e-06,32,42.917293146945084,42.917293146945084,52.95859575707966,50,64,0.1,3,1,True,4846,7.6270739380518595,2.1792829036712646,./logs/DS07/DA_LSTM/exp7,False,,DA_LSTM baseline
DS07,DA_LSTM,20251115-221134,0.0001,32,13.321409950244897,13.321409950244897,1.8848950026001876,60,64,0.1,3,1,True,4846,7.6375516239477665,2.090571880340576,./logs/DS07/DA_LSTM/exp8,False,,DA_LSTM baseline
DS07,DA_LSTM,20251115-222451,5e-05,32,13.43350086147399,13.43350086147399,1.9484132898153033,60,64,0.1,3,1,True,4846,8.014270956101624,2.277250289916992,./logs/DS07/DA_LSTM/exp9,False,,DA_LSTM baseline
DS07,DA_LSTM,20251115-224633,1e-05,32,24.159391016360665,24.159391016360665,8.52317148702819,60,64,0.1,3,1,True,4846,8.159002469380697,1.9277052879333496,./logs/DS07/DA_LSTM/exp10,False,,DA_LSTM baseline
DS07,DA_LSTM,20251115-230745,1e-06,32,42.87367541936536,42.87367541936536,52.713357712259366,60,64,0.1,3,1,True,4846,7.961376908620198,2.734360694885254,./logs/DS07/DA_LSTM/exp11,False,,DA_LSTM baseline
35,DA_LSTM,20251117-084553,0.0001,32,0.15967681658965335,0.15967681658965335,0.340229573835755,50,64,0.1,3,1,True,5422,0.603315696996801,0.05590677261352539,./logs/35/DA_LSTM/exp1,False,,DA_LSTM baseline
35,DA_LSTM,20251117-084730,5e-05,32,0.15909970866034528,0.15909970866034528,0.34114886570298114,50,64,0.1,3,1,True,5422,0.5925508597317863,0.05623888969421387,./logs/35/DA_LSTM/exp2,False,,DA_LSTM baseline
35,DA_LSTM,20251117-085003,1e-05,32,0.2290547644490007,0.2290547644490007,0.31615585820816944,50,64,0.1,3,1,True,5422,0.631416490872701,0.07432126998901367,./logs/35/DA_LSTM/exp3,False,,DA_LSTM baseline
35,DA_LSTM,20251117-085233,1e-06,32,0.43185868262218285,0.43185868262218285,0.17212905385087357,50,64,0.1,3,1,True,5422,0.6066882673899333,0.07384347915649414,./logs/35/DA_LSTM/exp4,False,,DA_LSTM baseline
37,DA_LSTM,20251117-085614,0.0001,32,0.2805842371279114,0.2805842371279114,0.24432558059265394,50,64,0.1,3,1,True,5422,1.5022974491119385,0.18736791610717773,./logs/37/DA_LSTM/exp0,False,,DA_LSTM baseline
37,DA_LSTM,20251117-090048,5e-05,32,0.26733559423072734,0.26733559423072734,0.26345555352765726,50,64,0.1,3,1,True,5422,1.5279009601344233,0.14723777770996094,./logs/37/DA_LSTM/exp1,False,,DA_LSTM baseline
37,DA_LSTM,20251117-090659,1e-05,32,0.22941583169019839,0.22941583169019839,0.29606409810444306,50,64,0.1,3,1,True,5422,1.5371666129430135,0.18514370918273926,./logs/37/DA_LSTM/exp2,False,,DA_LSTM baseline
37,DA_LSTM,20251117-091305,1e-06,32,0.41713718131074506,0.41713718131074506,0.17712222748906278,50,64,0.1,3,1,True,5422,1.5391542673110963,0.14447855949401855,./logs/37/DA_LSTM/exp3,False,,DA_LSTM baseline
40,DA_LSTM,20251117-093308,0.0001,32,0.2944874784641086,0.2944874784641086,0.2528330264224653,50,64,0.1,3,1,True,5422,9.839643973857164,0.16877293586730957,./logs/40/DA_LSTM/exp0,False,,DA_LSTM baseline
40,DA_LSTM,20251117-095649,5e-05,32,0.2817027329215073,0.2817027329215073,0.26859396220374177,50,64,0.1,3,1,True,5422,9.489002512789321,0.24332118034362793,./logs/40/DA_LSTM/exp1,False,,DA_LSTM baseline
40,DA_LSTM,20251117-103123,1e-05,32,0.28294052658369956,0.28294052658369956,0.2862354191403166,50,64,0.1,3,1,True,5422,9.242949231465657,0.22610831260681152,./logs/40/DA_LSTM/exp2,False,,DA_LSTM baseline
40,DA_LSTM,20251117-110808,1e-06,32,0.3125920867570317,0.3125920867570317,0.2268750270561433,50,64,0.1,3,1,True,5422,10.076179307301839,0.17745709419250488,./logs/40/DA_LSTM/exp3,False,,DA_LSTM baseline
35,DA_LSTM,20251117-111013,0.0001,32,0.15828015642472823,0.15828015642472823,0.34245903637870945,40,64,0.1,3,1,True,5422,0.6869369414117601,0.0773630142211914,./logs/35/DA_LSTM/exp5,False,,DA_LSTM baseline
35,DA_LSTM,20251117-111222,5e-05,32,0.15791241012166593,0.15791241012166593,0.3424204858313087,40,64,0.1,3,1,True,5422,0.7102763023641374,0.0726768970489502,./logs/35/DA_LSTM/exp6,False,,DA_LSTM baseline
35,DA_LSTM,20251117-111519,1e-05,32,0.227065241068556,0.227065241068556,0.31709211750768346,40,64,0.1,3,1,True,5422,0.6904244788487752,0.0914149284362793,./logs/35/DA_LSTM/exp7,False,,DA_LSTM baseline
35,DA_LSTM,20251117-111806,1e-06,32,0.43353868207624346,0.43353868207624346,0.17187216530132754,40,64,0.1,3,1,True,5422,0.6587261438369751,0.09110856056213379,./logs/35/DA_LSTM/exp8,False,,DA_LSTM baseline
35,DA_LSTM,20251117-111956,0.0001,32,0.1559864089527593,0.1559864089527593,0.33433716666281305,60,64,0.1,3,1,True,5422,0.6676501433054606,0.0643467903137207,./logs/35/DA_LSTM/exp9,False,,DA_LSTM baseline
35,DA_LSTM,20251117-112150,5e-05,32,0.15797831001342547,0.15797831001342547,0.3423494157079998,60,64,0.1,3,1,True,5422,0.7194762157671379,0.07752680778503418,./logs/35/DA_LSTM/exp10,False,,DA_LSTM baseline
35,DA_LSTM,20251117-112455,1e-05,32,0.22648627001516475,0.22648627001516475,0.3174369821810253,60,64,0.1,3,1,True,5422,0.7424470329284668,0.05938124656677246,./logs/35/DA_LSTM/exp11,False,,DA_LSTM baseline
35,DA_LSTM,20251117-112800,1e-06,32,0.4301830119488293,0.4301830119488293,0.17245236092591493,60,64,0.1,3,1,True,5422,0.7548085467020671,0.10943603515625,./logs/35/DA_LSTM/exp12,False,,DA_LSTM baseline
37,DA_LSTM,20251117-113057,0.0001,32,0.24753855886582715,0.24753855886582715,0.28092686947041395,40,64,0.1,3,1,True,5422,1.7114873329798381,0.19350051879882812,./logs/37/DA_LSTM/exp4,False,,DA_LSTM baseline
37,DA_LSTM,20251117-113406,5e-05,32,0.2465073431429846,0.2465073431429846,0.2817575440902435,40,64,0.1,3,1,True,5422,1.6755746386267922,0.1872389316558838,./logs/37/DA_LSTM/exp5,False,,DA_LSTM baseline
37,DA_LSTM,20251117-114005,1e-05,32,0.24240373167135068,0.24240373167135068,0.2862346900845394,40,64,0.1,3,1,True,5422,1.7536413033803304,0.18935203552246094,./logs/37/DA_LSTM/exp6,False,,DA_LSTM baseline
37,DA_LSTM,20251117-114648,1e-06,32,0.41767934196766454,0.41767934196766454,0.17703514004887655,40,64,0.1,3,1,True,5422,1.6149960215886434,0.21392560005187988,./logs/37/DA_LSTM/exp7,False,,DA_LSTM baseline
37,DA_LSTM,20251117-114955,0.0001,32,0.24764472792601064,0.24764472792601064,0.27969343576800326,60,64,0.1,3,1,True,5422,1.8147449493408203,0.20765256881713867,./logs/37/DA_LSTM/exp8,False,,DA_LSTM baseline
37,DA_LSTM,20251117-115301,5e-05,32,0.2541524993454742,0.2541524993454742,0.27472141914374515,60,64,0.1,3,1,True,5422,1.692520534992218,0.26724886894226074,./logs/37/DA_LSTM/exp9,False,,DA_LSTM baseline
37,DA_LSTM,20251117-115840,1e-05,32,0.24817456172186972,0.24817456172186972,0.2790960928906363,60,64,0.1,3,1,True,5422,1.8277264157521356,0.253415584564209,./logs/37/DA_LSTM/exp10,False,,DA_LSTM baseline
37,DA_LSTM,20251117-120530,1e-06,32,0.41708557050781075,0.41708557050781075,0.17678223415620575,60,64,0.1,3,1,True,5422,1.6302790943781535,0.19376826286315918,./logs/37/DA_LSTM/exp11,False,,DA_LSTM baseline
40,DA_LSTM,20251117-122540,0.0001,32,0.2940641964828232,0.2940641964828232,0.2503698806900026,40,64,0.1,3,1,True,5422,8.450593215577742,0.15344452857971191,./logs/40/DA_LSTM/exp4,False,,DA_LSTM baseline
40,DA_LSTM,20251117-125158,5e-05,32,0.2836799875948276,0.2836799875948276,0.266144305914636,40,64,0.1,3,1,True,5422,9.302460708618163,0.22209644317626953,./logs/40/DA_LSTM/exp5,False,,DA_LSTM baseline
40,DA_LSTM,20251117-132810,1e-05,32,0.28066637761863955,0.28066637761863955,0.28664787195024977,40,64,0.1,3,1,True,5422,9.640940801302593,0.210615873336792,./logs/40/DA_LSTM/exp6,False,,DA_LSTM baseline
40,DA_LSTM,20251117-140548,1e-06,32,0.3130330708618622,0.3130330708618622,0.22708042147814456,40,64,0.1,3,1,True,5422,9.81588459332784,0.2915172576904297,./logs/40/DA_LSTM/exp7,False,,DA_LSTM baseline
40,DA_LSTM,20251117-143129,0.0001,32,0.29640873723682676,0.29640873723682676,0.24421903006538387,60,64,0.1,3,1,True,5422,10.733730807233213,0.20087552070617676,./logs/40/DA_LSTM/exp8,False,,DA_LSTM baseline
40,DA_LSTM,20251117-150905,5e-05,32,0.29435943748467414,0.29435943748467414,0.24881364467016734,60,64,0.1,3,1,True,5422,10.882314377882349,0.2289571762084961,./logs/40/DA_LSTM/exp9,False,,DA_LSTM baseline
40,DA_LSTM,20251117-154808,1e-05,32,0.28310650306738644,0.28310650306738644,0.28595950759187944,60,64,0.1,3,1,True,5422,9.759412792523703,0.22580742835998535,./logs/40/DA_LSTM/exp10,False,,DA_LSTM baseline
40,DA_LSTM,20251117-162532,1e-06,32,0.3126227289067768,0.3126227289067768,0.22699095578201645,60,64,0.1,3,1,True,5422,10.008742327690124,0.21238303184509277,./logs/40/DA_LSTM/exp11,False,,DA_LSTM baseline
FD003,PINN,20260210-101053,0.0001,32,111.66757762223472,111.66757762223472,5745972740.677518,50,64,0.1,3,1,True,2266,56.10404992103577,18.44129753112793,./logs/FD003/PINN/exp3,False,,main test
FD003,TP_Diff_Degra_V2,20260210-191338,0.0001,32,17.37359973847422,17.37359973847422,879.776238127245,50,64,0.1,3,1,True,3806056,234.41813683509827,0.6108160018920898,./logs/FD003/TP_Diff_Degra_V2/exp8,False,,main test
FD003,TP_Diff_Degra_V2,20260210-193422,0.0001,32,17.78956599591603,17.78956599591603,931.6417585544491,50,64,0.1,3,1,True,3806056,181.5221848487854,0.5750477313995361,./logs/FD003/TP_Diff_Degra_V2/exp10,False,,main test
FD003,DA_LSTM,20260210-193720,0.0001,32,82.97598603933399,82.97598603933399,353660.3821825381,50,64,0.1,3,1,True,3550,8.552534818649292,0.034037113189697266,./logs/FD003/DA_LSTM/exp14,False,,main test
FD003,CDSG,20260210-193838,0.0001,32,83.0099956282322,83.0099956282322,350429.26525235374,50,64,0.1,3,1,True,225181,20.956379413604736,0.05776476860046387,./logs/FD003/CDSG/exp0,False,,main test
FD003,PINN,20260210-194106,0.0001,32,111.66757762223472,111.66757762223472,5745972740.677518,50,64,0.1,3,1,True,2266,48.368234395980835,18.917264223098755,./logs/FD003/PINN/exp6,False,,main test
